<?xml version="1.0" encoding="UTF-8"?>

<application xmlns="http://xmlns.jcp.org/xml/ns/javaee" xmlns:xsi="http://www.w3.org/2001/XMLSchema-instance"
    xsi:schemaLocation="http://xmlns.jcp.org/xml/ns/javaee http://xmlns.jcp.org/xml/ns/javaee/application_7.xsd"
    version="7">

    <display-name>myapp</display-name>

    <module>
        <ejb>myEJB.jar</ejb>
    </module>

    <module>
        <web>
            <web-uri>test.war</web-uri>
            <context-root>/test</context-root>
        </web>
    </module>
</application>

